Model,sMAPE,MASE,MAE,RMSE,Execution Time
ARIMA,41.95272010295614,3.8667052129263926,88585.61182239563,97576.5596215385,0.04204080463836552
ETS,40.85312049485827,4.572578975727827,128327.6443101662,139342.8446728751,0.009951724969282113
Prophet,34.45791640721154,4.507561018653232,114763.6266371614,123770.916157789,0.23577236438810134
SES,36.99440714496151,3.9234464693423368,104616.28814264882,114982.48016835994,0.0035465279140987913
