Model,sMAPE,MASE,MAE,RMSE,Execution Time
ARIMA,41.122758973038685,2.8944593204717264,7653.514563895894,9039.107685135526,0.21475447005912907
ETS,48.472425547143416,4.13440097999242,17153.192105416605,19710.992785367387,0.07894399061880476
Prophet,31.533993820758855,2.1251658066105894,4493.154946287007,5287.069235158511,0.2305748117426054
SES,39.76598838611517,2.7590154447628907,6596.142446173117,8240.721852788713,0.009177917339762703
