Model,sMAPE,MASE,MAE,RMSE,Execution Time
ARIMA,30.42037231811812,2.3193594473085644,3944.8496465843873,4833.150332427809,0.36153564036218194
ETS,27.987924474319314,2.116668613256984,3451.549884912725,4267.919999573936,0.08096376598858443
Prophet,31.533993820758855,2.1251658066105894,4493.154946287007,5287.069235158511,0.22671474198826025
SES,39.76598838611517,2.7590154447628907,6596.142446173117,8240.721852788713,0.009184069320803782
