sMAPE,MASE,MAE,RMSE,Execution Time
17.711115121282294,4.174649088581316,1.5009134657456056,1.8265277544471767,7.249271392822266
