,sMAPE,MASE,MAE,RMSE,Execution Time
SES,115.09569264188183,11.234428747045067,167.3469776670577,181.74711173304112,0.09799861907958984
Theta,116.86032358621779,11.869352465842923,176.80474074360907,191.64049208089557,1.6469480991363525
TBATS,113.40176517922606,10.713274274780678,159.5839104212883,174.07001020126637,2162.5034074783325
ETS,188.68438449003443,5.247282377115801,78.1630171455678,106.63043712026831,1.4235715866088867
ARIMA,114.70692938060583,11.113089153532046,165.53951467067756,179.9630818323977,146.3957085609436
Prophet,,,,,51.059197664260864
