Model,sMAPE,MASE,MAE,RMSE,Execution Time
ARIMA,84.27253872110762,2.8394425329564887,56.28718778522914,72.36132420932205,220.10788774490356
SES,112.52914545985094,8.430291406606916,167.11639344002123,181.54191833986334,0.04300189018249512
TBATS,99.30006894002454,4.637239849893545,91.92550551967997,105.16310691975046,83.10003876686096
ETS,117.1622863243162,9.416409952588026,186.66454034980987,222.3819605274276,0.35457754135131836
Prophet,86.35260592378333,3.52987060199492,69.97376672567177,80.35954345205147,0.5113437175750732
