,sMAPE,MASE,MAE,RMSE,Execution Time
SES,5.9997830934637495,0.7931797186297405,0.9452614266969999,1.2096396233008668,0.004545584321022034
Theta,6.02562557504392,0.7969996627066185,0.9495907056909844,1.2129072703004193,0.013566477431191338
TBATS,5.820058997755186,0.7701263422373005,0.9199375209302436,1.1788888123299617,22.75832999083731
ETS,6.169763725765656,0.8152579876149599,0.97187331724409,1.2372425516477104,0.015277425448099772
ARIMA,5.747896902063772,0.7590452385553692,0.9110454269272077,1.1687917736557478,2.853007502026028
Prophet,,,,,0.2519209550486671
