Model,sMAPE,MASE,MAE,RMSE,Execution Time
ARIMA,5.781967497322602,0.7840711456918334,0.9107769743289579,1.1685045479534786,0.6863768282863829
ETS,5.773681155601224,0.7819523783816995,0.9062863964509638,1.163029772494462,0.11373021867540148
Prophet,106.69240387439531,29.113801718291395,31.814573273852375,36.656265144695844,0.29509321186277604
SES,5.6428386813942115,0.7653129008220377,0.889880893379062,1.1406180459292916,0.005427012840906779
TBATS,5.574359919203193,0.7543058653035988,0.8806896304436095,1.1317628081768394,22.40866119828489
