,sMAPE,MASE,MAE,RMSE,Execution Time
SES,5.9997830934637495,0.7931797186297405,0.9452614266969999,1.2096396233008668,0.004425557123290168
Theta,6.02562557504392,0.7969996627066185,0.9495907056909844,1.2129072703004193,0.012410428788926866
TBATS,5.820058997755186,0.7701263422373005,0.9199375209302436,1.1788888123299617,20.609121832582687
ETS,6.169763725765656,0.8152579876149599,0.97187331724409,1.2372425516477104,0.014011091656155057
ARIMA,5.95005956741011,0.7855954114801144,0.9374227674985411,1.20036943788348,0.08323238458898333
Prophet,,,,,0.2330426722764969
