,sMAPE,MASE,MAE,RMSE,Execution Time
SES,12.368929611604337,1.9761043442839836,1262.2511079741566,1381.455782584673,0.060585975646972656
Theta,11.787998072665298,1.8866190398767924,1205.0917150695734,1315.6420773532268,0.2351701259613037
TBATS,24.831233967962675,3.654039493503849,2334.0444610619857,2714.935939126283,943.4261662960052
ETS,11.67042518754208,1.8678751851255213,1193.1189407087786,1292.4589785477358,0.16451430320739746
ARIMA,12.21769936236894,1.9529035203847114,1247.4314119608973,1364.269608873673,182.810364484787
Prophet,11.412394298177457,1.823762272476625,1164.9414950045073,1239.9993288856122,9.256306409835815
