sMAPE,MASE,MAE,RMSE,Execution Time
0.198426254068082,0.5706666337319277,0.02512186825154909,0.029382745690277132,0.3336648941040039
